No,Pekerjaan,Deskripsi / Target Pencapaian,Estimasi Waktu,PIC,Status
1,Evaluasi masalah,Mengidentifikasi kendala atau masalah pada proses/sistem yang berjalan saat ini.,Minggu 1,Tim Analis / PM,Belum Dimulai
2,Pengumpulan data,"Mengumpulkan kebutuhan user, dokumen pendukung, dan spesifikasi teknis.",Minggu 1-2,Tim Analis,Belum Dimulai
3,Mapping proses bisnis,Memetakan alur kerja (workflow) dari awal hingga akhir untuk perbaikan atau aplikasi baru.,Minggu 2,Tim Analis,Belum Dimulai
4,Perancangan Sistem & Desain,"Tahap tambahan: Membuat wireframe, desain UI/UX, dan perancangan arsitektur database.",Minggu 3-4,UI/UX & Tech Lead,Belum Dimulai
5,Pembuatan Konsep program One Fis,Mengembangkan konsep teknis dan mulai melakukan development / koding program DIGI Handover.,Minggu 5-7,Tim Developer,Belum Dimulai
6,Uji Coba Alih FT Camplong,Melakukan testing (UAT/SIT) atau simulasi implementasi pada ruang lingkup FT Camplong.,Minggu 8,Tim QA & User,Belum Dimulai
7,Evaluasi masalah,Mencatat dan menganalisis bug/error yang ditemukan saat masa uji coba.,Minggu 9,PM & Developer,Belum Dimulai
8,Perbaikan & Finalisasi,"Tahap tambahan: Memperbaiki bug dan memastikan aplikasi siap untuk dirilis (Go-Live).",Minggu 9-10,Tim Developer,Belum Dimulai
9,Roll Out Aplikasi,Meluncurkan aplikasi ke tahap produksi untuk digunakan secara operasional.,Minggu 11,IT Support / PM,Belum Dimulai
10,Monitoring,"Mengawasi performa aplikasi, user adoption, dan memastikan tidak ada kendala critical.",Minggu 11-12,IT Support,Belum Dimulai
11,Evaluasi,Evaluasi menyeluruh pasca-implementasi dan penyusunan laporan akhir proyek.,Minggu 12,Project Manager,Belum Dimulai
